AryNo:  0 ID:  8900377814 Product: Le Mood Organza Fabric 60" Width Kain Organza | Stock: 1062
AryNo:  1 ID:  8749517311 Product: Le Mood (No Glue) Velcro Tape Premium Quality Hook & Loop Tape (1 Meter) Magic Tape Velcro Fastener Pelekat Kasut | Stock: 2451
AryNo:  2 ID:  10716465378 Product: Soft Elastic Band Polyester Elastic Band Getah Kain Lembut Getah Pinggang Getah Jahit Getah Jahitan Getah Seluar | Stock: 6029
AryNo:  3 ID:  11565605470 Product: 1"/ 1.5"/ 2" (With Glue) Self Adhesive Velcro Tape Premium Quality Hook & Loop Tape (1 Meter) Magic Tape Velcro Fastener | Stock: 1503
AryNo:  4 ID:  15234094321 Product: Fusible Tape Lencana Sekolah Fusible Web Pita Pelekat Kain Pelekat Lencana Double Sided Iron Tape Hemming Tape Kain Gam | Stock: 665
AryNo:  5 ID:  19720259980 Product: Lobster Clasp (1 Piece) Bag Accessories Lobster Hook Swivel Hook Cangkuk Tali Bag Buckle DIY Aksesori Beg | Stock: 4433
AryNo:  6 ID:  9605943800 Product: Le Mood Drawstring Stopper Plastic Cord Lock Toggle Clips Barrel Stopper Rope Stopper Cord End | Stock: 19609
AryNo:  7 ID:  19519930027 Product: D Ring Bag Buckle (1 Piece) D Buckle Bag Strap Buckle DIY Bag Accessories Cangkuk Tali Beg | Stock: 4204
AryNo:  8 ID:  10401388017 Product: Le Mood Bodkin Rope Threader Elastic Threader Penarik Getah Penyepit Getah | Stock: 242
AryNo:  9 ID:  7325885644 Product: Kain Belacu Tebal 63" Kain Bengkung Calico Fabric Muslin 100% Cotton Toile | Stock: 203
AryNo:  10 ID:  8455281315 Product: Premium Magnetic Button 14mm & 18mm Butang Magnet Button | Stock: 3536
AryNo:  11 ID:  8005948604 Product: Le Mood Bobbin High Speed Industrial Sewing Machine & Portable Sewing Machine Sekoci Mesin Jahit Gelendong | Stock: 2693
AryNo:  12 ID:  19019958845 Product: Adjustable Bag Buckle (1 Piece) Cangkuk Tali Beg Buckle Beg Tali DIY Bag Strap Buckle Bag Accessories | Stock: 4899
AryNo:  13 ID:  14628499620 Product: Le Mood Dressmaker Pins Stainless Steel Pin Peniti Jarum Peniti Pearl Head Pin Sewing Pin | Stock: 1116
AryNo:  14 ID:  3243460245 Product: Le Mood PIN Snipper Thread Clipper Thread Cutter Scissors Gunting Benang Pemotong Benang Kacip Benang | Stock: 836
AryNo:  15 ID:  15734070422 Product: Iron Batting 120g 180g 280g 380g Batting Bergam Fusible Batting for Bag Craft Quilting | Stock: 115
AryNo:  16 ID:  14931927447 Product: Le Mood Interchangeable Hand Awl Shoes Repair Tool Leather Hand Awl Handmade Leather Craft Book Binding | Stock: 113
AryNo:  17 ID:  6625902293 Product: Le Mood Jacket Interfacing Tebal 59" Premium Quality Weft Fusible Interfacing Kain Gam Jaket | Stock: 65
AryNo:  18 ID:  4450671016 Product: Le Mood Gütermann 100m Sew-All Thread Polyester Thread Benang Jahit Germany Gutermann | Stock: 100
AryNo:  19 ID:  19020358266 Product: Le Mood (1 Piece) Elegant Metal Button for Jacket Coat Blazer Metal Shank Button (1 Piece) Butang Emas Butang Besi | Stock: 481
AryNo:  20 ID:  7143601579 Product: Le Mood PONY Hand Sewing Needles Jarum Tangan Jarum Jahit Embroidery Needles | Stock: 127
AryNo:  21 ID:  12803476838 Product: Le Mood (1 Piece) Classy Wave Shape Button Butang Kemeja Butang Emas Butang Besi Button for Sewing | Stock: 119
AryNo:  22 ID:  3542656098 Product: Fusible Web Lencana Sekolah 44" Double Sided Interfacing Kain Gam Dua Belah | Stock: 151
AryNo:  23 ID:  8205727879 Product: Le Mood Soft Tulle Fabric 63" Pearl Tulle Fabric Mesh Fabric Soft Net Kain Net Kain Tulle | Stock: 162
AryNo:  24 ID:  6671820296 Product: Le Mood Titanium Bobbin Case High Speed Industrial Sewing Machine Portable Machine Gelendong Sekoci Mesin Jahit | Stock: 86
AryNo:  25 ID:  6829056507 Product: Le Mood Wooden Hand Awl Tailor Awl Pencucuk Lubang Penebuk Lubang | Stock: 22
AryNo:  26 ID:  4525922105 Product: Le Mood Chiffon Interfacing 60" Kain Gam Chiffon Lightweight Woven Fusible Interfacing | Stock: 80
AryNo:  27 ID:  3267893960 Product: Le Mood Bobbin Spool Box Kotak Sekoci Bobbin Storage Case Bobbin Box Bekas Sekoci Bekas Bobbin | Stock: 174
AryNo:  28 ID:  18520365430 Product: Le Mood (1 Piece) Matte Black Elegant Metal Button for Jacket Coat Blazer Metal Shank Button Butang Emas Butang Besi | Stock: 19
AryNo:  29 ID:  7543067080 Product: Le Mood Kain Gam Keras 44" Medium Hard Fusible Interfacing Interlining | Stock: 129
AryNo:  30 ID:  5529442171 Product: Le Mood Multifunctional Screwdriver Pemutar Skru | Stock: 43
AryNo:  31 ID:  12223626859 Product: Le Mood (1 Piece) Bell Pendant 21mm Loket Loceng Small Bell Pet Bell Wind Chime Accessories DIY Craft Loceng Kucing | Stock: 493
AryNo:  32 ID:  9505907685 Product: Le Mood Loop Turner 26.5cm Penarik Getah Pengubah Gelung Kain Alat Pemusing Jahitan Bias Hook | Stock: 102
AryNo:  33 ID:  3326028746 Product: LMF Unpicker Thread Cutter Seam Ripper Cutter Penetas Jahitan Pemotong Benang Penetas Benang | Stock: 35
AryNo:  34 ID:  6626673517 Product: Le Mood Fashion Design Ruler Pembaris Jahitan Soft Metric Graph Ruler Transparent Sewing Ruler Quilting Ruler | Stock: 19
AryNo:  35 ID:  4893303123 Product: Le Mood Draping Tape Mannequin Masking Tape Self Adhesive 2 rolls per pack Marking Pattern Dress Form | Stock: 27
AryNo:  36 ID:  12267776557 Product: Le Mood Button Hole Elastic Band Tali Getah Berlubang Butang Adjustable Elastic Band Pregnancy Elastic Band | Stock: 524
AryNo:  37 ID:  6642240360 Product: Le Mood (1 Piece) 1.15cm Gold Colour Fashion Shank Button Butang Fesyen Emas | Stock: 640
AryNo:  38 ID:  6665739748 Product: Le Mood Scuba Fabric Neoprene Fabric 63" for Fashion Kain Scuba Fashion Designer Fabric | Stock: 19
AryNo:  39 ID:  8536558038 Product: Le Mood 5mm Cotton Rope (25 Colours) 8 Strands Cotton Rope Braided Cotton Rope Macrame String Cord | Stock: 2092
AryNo:  40 ID:  7870284061 Product: Le Mood (1 Piece) Rhinestone Shank Button Golden Metal Butang Emas Permata | Stock: 100
AryNo:  41 ID:  6945265254 Product: Le Mood Multifunctional Tweezer Penyepit Benang Sepit Benang Anti Static Stainless Steel | Stock: 44
AryNo:  42 ID:  7729057864 Product: Le Mood Hoechstmass Original Germany Measuring Tape Pita Ukur Badan Tali Ukur Badan Measurement Tape | Stock: 73
AryNo:  43 ID:  5242609373 Product: Le Mood (1 Piece) Tailor's Chalk Kapur Jahit | Stock: 141
AryNo:  44 ID:  7525842199 Product: Le Mood Tracing Wheel Roller Wooden Tracer Penggelek Roda Surih | Stock: 22
AryNo:  45 ID:  9605834021 Product: Le Mood 5mm Solid Cotton Rope Twine Cord Cotton String Tali Sukan Cotton Tali Cotton Tali Bag Drawstring | Stock: 103
AryNo:  46 ID:  5842218546 Product: Le Mood Hoechstmass Original Germany Measuring Tape Pita Ukur Badan Tali Ukur Badan Measurement Tape | Stock: 255
AryNo:  47 ID:  7125685720 Product: Le Mood PIN Professional Tailor Scissors Tailoring Scissors Fabric Scissors Gunting Kain Gunting Jahit | Stock: 111
AryNo:  48 ID:  9901251000 Product: Le Mood Kain Gam Japan Quality 44" Medium Weight Woven Fusible Interfacing | Stock: 105
AryNo:  49 ID:  5543169434 Product: Le Mood ORGAN Japan DBx1 Industrial Sewing Machine Needle Jarum Mesin Jahit Lurus Industri | Stock: 53
AryNo:  50 ID:  10598376579 Product: LMF Unpicker Thread Cutter Seam Ripper Cutter Penetas Jahitan Pemotong Benang Penetas Benang | Stock: 71
AryNo:  51 ID:  6671737163 Product: Le Mood (1 Piece) Plastic Coating Shank Button Butang Fesyen Butang Comel Butang Cantik | Stock: 644
AryNo:  52 ID:  3329357124 Product: Le Mood High Speed Industrial Sewing Machine Zipper Footer Piping Foot Tapak Zip Mesin Jahit Industri | Stock: 42
AryNo:  53 ID:  6382678326 Product: Le Mood Fashion Design Ruler Tailor Ruler French Curve Ruler Pembaris Tailor Pembaris Jahit | Stock: 41
AryNo:  54 ID:  6426555980 Product: Le Mood (1 Piece) Flat Button Shirt Button Butang Brown Colour Plastic | Stock: 59
AryNo:  55 ID:  4629058369 Product: Le Mood Plastic Container Plastic Box Kotak Plastic Transparent | Stock: 39
AryNo:  56 ID:  7326188514 Product: Le Mood Vintage Embroidery Scissors Stainless Steel Gunting Sulaman Gunting Kain Gunting Jahit Gunting Benang | Stock: 13
AryNo:  57 ID:  4925924250 Product: Le Mood Chaco Paper Japan Carbon Paper Tracing Paper Kertas Karbon Kertas Carbon | Stock: 19
AryNo:  58 ID:  4625932009 Product: Le Mood Adger Japan Chako Ace Disappearing Fabric Pen Vanishing Pen Removable Erasable Marking | Stock: 30
AryNo:  59 ID:  7071737717 Product: Le Mood (1 Piece) 2cm Metal Shank Button Badge Button Butang Fesyen Butang Jacket Butang Emas | Stock: 368
AryNo:  60 ID:  5429260697 Product: Le Mood High Speed Industrial Sewing Machine Footer Straight Stitch Foot Tapak Mesin Jahit Industri Presser Feet | Stock: 26
AryNo:  61 ID:  5729252320 Product: Le Mood (1 Piece) Golden Button Shank Button Studded Butang Emas Studs Gold Colour Fashion | Stock: 2
AryNo:  62 ID:  7325768293 Product: Le Mood Pinking Shears Zig Zag Fabric Scissors Gunting Kain Gunting Bergerigi Cloth Scissors | Stock: 4
AryNo:  63 ID:  12603423230 Product: Le Mood (1 Piece) 1cm Elegant Golden Seashell Metal Shank Button Butang Emas Butang Besi Butang Baju | Stock: 794
AryNo:  64 ID:  9811477330 Product: Le Mood Tulle Fabric Lace Fabric Soft Net Netting Lace Jersey Veil Fabric Kain Net Mesh Fabric Sheer Fabric | Stock: 184
AryNo:  65 ID:  16152207079 Product: Le Mood Magnet Button Hand Tool Set 14mm 18mm Clasp Snaps Hand Tools Set | Stock: 12
AryNo:  66 ID:  5129056078 Product: Le Mood (1 Piece) Shank Button Butang Black Colour Fashion | Stock: 341
AryNo:  67 ID:  5629261283 Product: Le Mood High Speed Industrial Sewing Machine Footer Invisible Zipper Foot Tapak Zip Sorok Mesin Jahit Industri | Stock: 65
AryNo:  68 ID:  3626069819 Product: Le Mood (1 Piece) Wooden Button Butang | Stock: 329
AryNo:  69 ID:  6145509574 Product: Le Mood PONY Double Long Sewing Needle Jarum Jahit Jarum Tangan (25 Pieces) | Stock: 77
AryNo:  70 ID:  3738467581 Product: Le Mood 50 Meter Drafting Paper (1 Roll) Tracing Paper Pattern Paper Pattern Making Paper Kertas | Stock: 30
AryNo:  71 ID:  8307378460 Product: Le Mood ORGAN Japan HAx1 Home Use Sewing Machine Needle Jarum Mesin Jahit Rumah Portable Sewing Machine | Stock: 85
AryNo:  72 ID:  6048313923 Product: Le Mood PIN Thread Clipper Thread Cutter Snipper Gunting Benang Pemotong Benang Kacip Benang Stainless Steel | Stock: 53
AryNo:  73 ID:  6767722381 Product: Le Mood Smudge-Free Acrylic French Curve Fashion Design Ruler Technical Drawing Ruler 3pcs Set | Stock: 10
AryNo:  74 ID:  5567721260 Product: Le Mood Needle Threader (1 Piece) Pemasang Jarum Alat Masuk Benang Needle Device Pembantu Jarum | Stock: 91
AryNo:  75 ID:  7826672268 Product: Le Mood French Curve Ruler Pembaris Lengkung Fashion Design Ruler Pembaris Siam | Stock: 4
AryNo:  76 ID:  18420374705 Product: Le Mood (1 Piece) Elegant Asymmetrical Metal Button for Jacket Coat Blazer Metal Shank Button Butang Emas Butang Besi | Stock: 139
AryNo:  77 ID:  4726538004 Product: Le Mood (1 Piece) Metal Button Copper Colour Butang Fashion | Stock: 101
AryNo:  78 ID:  10245141980 Product: Le Mood (1 Piece) 1.15cm Metallic Flat Button/ Shirt Button Butang Emas Butang Kemeja Butang Baju | Stock: 114
AryNo:  79 ID:  9205388994 Product: Le Mood (1 Piece) 1.25cm Elegant Transparent Shirt Button Butang Plastic Butang Kemeja | Stock: 129
AryNo:  80 ID:  7448423058 Product: Le Mood Sewing Thimble Finger Protector Pelindung Jari Sarung Jari Jarum | Stock: 14
AryNo:  81 ID:  3139635132 Product: Le Mood (1 Piece) Metal Button Butang Vintage Metal Bronze Colour Fashion | Stock: 155
AryNo:  82 ID:  7026547713 Product: Le Mood (1 Piece) Metal Button Butang Metal Colour Fashion | Stock: 166
AryNo:  83 ID:  4771582448 Product: Le Mood (1 Piece) 1.15cm Metal Floral Shank Button Butang Fesyen Butang Comel Butang Cantik | Stock: 636
AryNo:  84 ID:  7726571672 Product: Le Mood (1 Piece) 1.1cm Shirt Button Butang Kemeja | Stock: 69
AryNo:  85 ID:  6769947755 Product: Le Mood Golden Pearl Soft Tulle Fabric 59" Tulle Fabric Mesh Fabric Soft Net Kain Net Kain Tulle | Stock: 25
AryNo:  86 ID:  4929445320 Product: Le Mood Sewing Thimble Finger Protector Adjustable Pelindung Jari Sarung Jari Jarum | Stock: 63
AryNo:  87 ID:  9125016265 Product: Le Mood Houndstooth Jacquard Lining Fabric 59" Kain Lining | Stock: 6
AryNo:  88 ID:  3271885957 Product: Le Mood (5m Per Roll) Hemp Rope Natural Jute Tali Guni Tali Jut Tali Jute Hem Cordage | Stock: 77
AryNo:  89 ID:  7426217447 Product: Le Mood (1 Piece) Metal Drawstring Stopper Cord Lock Rope End Cord End barrel Stopper Cord Stopper Rope End | Stock: 53
AryNo:  90 ID:  6926561616 Product: Le Mood (1 Piece) Shirt Button Butang Seashell Butang Kemeja | Stock: 1
AryNo:  91 ID:  4026795138 Product: Le Mood Stainless Steel Ruler 15cm Multifunctional Pembaris | Stock: 3
AryNo:  92 ID:  6226610235 Product: Le Mood (1 Piece) Metal Button Butang Fashion | Stock: 13
AryNo:  93 ID:  4229067630 Product: Le Mood Clover Japan Dressmaking Silk Pin Jarum Peniti Sewing Pin Tailoring Pattern Making Tool Fix Position Pin | Stock: 1
AryNo:  0 ID:  8900377814 Product: Le Mood Organza Fabric 60" Width Kain Organza | Stock: 1062
AryNo:  1 ID:  8749517311 Product: Le Mood (No Glue) Velcro Tape Premium Quality Hook & Loop Tape (1 Meter) Magic Tape Velcro Fastener Pelekat Kasut | Stock: 2451
AryNo:  2 ID:  10716465378 Product: Soft Elastic Band Polyester Elastic Band Getah Kain Lembut Getah Pinggang Getah Jahit Getah Jahitan Getah Seluar | Stock: 6029
AryNo:  3 ID:  11565605470 Product: 1"/ 1.5"/ 2" (With Glue) Self Adhesive Velcro Tape Premium Quality Hook & Loop Tape (1 Meter) Magic Tape Velcro Fastener | Stock: 1503
AryNo:  4 ID:  15234094321 Product: Fusible Tape Lencana Sekolah Fusible Web Pita Pelekat Kain Pelekat Lencana Double Sided Iron Tape Hemming Tape Kain Gam | Stock: 665
AryNo:  5 ID:  19720259980 Product: Lobster Clasp (1 Piece) Bag Accessories Lobster Hook Swivel Hook Cangkuk Tali Bag Buckle DIY Aksesori Beg | Stock: 4433
AryNo:  6 ID:  9605943800 Product: Le Mood Drawstring Stopper Plastic Cord Lock Toggle Clips Barrel Stopper Rope Stopper Cord End | Stock: 19609
AryNo:  7 ID:  19519930027 Product: D Ring Bag Buckle (1 Piece) D Buckle Bag Strap Buckle DIY Bag Accessories Cangkuk Tali Beg | Stock: 4204
AryNo:  8 ID:  10401388017 Product: Le Mood Bodkin Rope Threader Elastic Threader Penarik Getah Penyepit Getah | Stock: 242
AryNo:  9 ID:  7325885644 Product: Kain Belacu Tebal 63" Kain Bengkung Calico Fabric Muslin 100% Cotton Toile | Stock: 203
AryNo:  10 ID:  8455281315 Product: Premium Magnetic Button 14mm & 18mm Butang Magnet Button | Stock: 3536
AryNo:  11 ID:  8005948604 Product: Le Mood Bobbin High Speed Industrial Sewing Machine & Portable Sewing Machine Sekoci Mesin Jahit Gelendong | Stock: 2693
AryNo:  12 ID:  19019958845 Product: Adjustable Bag Buckle (1 Piece) Cangkuk Tali Beg Buckle Beg Tali DIY Bag Strap Buckle Bag Accessories | Stock: 4899
AryNo:  13 ID:  14628499620 Product: Le Mood Dressmaker Pins Stainless Steel Pin Peniti Jarum Peniti Pearl Head Pin Sewing Pin | Stock: 1116
AryNo:  14 ID:  3243460245 Product: Le Mood PIN Snipper Thread Clipper Thread Cutter Scissors Gunting Benang Pemotong Benang Kacip Benang | Stock: 836
AryNo:  15 ID:  15734070422 Product: Iron Batting 120g 180g 280g 380g Batting Bergam Fusible Batting for Bag Craft Quilting | Stock: 115
AryNo:  16 ID:  14931927447 Product: Le Mood Interchangeable Hand Awl Shoes Repair Tool Leather Hand Awl Handmade Leather Craft Book Binding | Stock: 113
AryNo:  17 ID:  6625902293 Product: Le Mood Jacket Interfacing Tebal 59" Premium Quality Weft Fusible Interfacing Kain Gam Jaket | Stock: 65
AryNo:  18 ID:  4450671016 Product: Le Mood Gütermann 100m Sew-All Thread Polyester Thread Benang Jahit Germany Gutermann | Stock: 100
AryNo:  19 ID:  19020358266 Product: Le Mood (1 Piece) Elegant Metal Button for Jacket Coat Blazer Metal Shank Button (1 Piece) Butang Emas Butang Besi | Stock: 481
AryNo:  20 ID:  7143601579 Product: Le Mood PONY Hand Sewing Needles Jarum Tangan Jarum Jahit Embroidery Needles | Stock: 127
AryNo:  21 ID:  12803476838 Product: Le Mood (1 Piece) Classy Wave Shape Button Butang Kemeja Butang Emas Butang Besi Button for Sewing | Stock: 119
AryNo:  22 ID:  3542656098 Product: Fusible Web Lencana Sekolah 44" Double Sided Interfacing Kain Gam Dua Belah | Stock: 151
AryNo:  23 ID:  8205727879 Product: Le Mood Soft Tulle Fabric 63" Pearl Tulle Fabric Mesh Fabric Soft Net Kain Net Kain Tulle | Stock: 162
AryNo:  24 ID:  6671820296 Product: Le Mood Titanium Bobbin Case High Speed Industrial Sewing Machine Portable Machine Gelendong Sekoci Mesin Jahit | Stock: 86
AryNo:  25 ID:  6829056507 Product: Le Mood Wooden Hand Awl Tailor Awl Pencucuk Lubang Penebuk Lubang | Stock: 22
AryNo:  26 ID:  4525922105 Product: Le Mood Chiffon Interfacing 60" Kain Gam Chiffon Lightweight Woven Fusible Interfacing | Stock: 80
AryNo:  27 ID:  3267893960 Product: Le Mood Bobbin Spool Box Kotak Sekoci Bobbin Storage Case Bobbin Box Bekas Sekoci Bekas Bobbin | Stock: 174
AryNo:  28 ID:  18520365430 Product: Le Mood (1 Piece) Matte Black Elegant Metal Button for Jacket Coat Blazer Metal Shank Button Butang Emas Butang Besi | Stock: 19
AryNo:  29 ID:  7543067080 Product: Le Mood Kain Gam Keras 44" Medium Hard Fusible Interfacing Interlining | Stock: 129
AryNo:  30 ID:  5529442171 Product: Le Mood Multifunctional Screwdriver Pemutar Skru | Stock: 43
AryNo:  31 ID:  12223626859 Product: Le Mood (1 Piece) Bell Pendant 21mm Loket Loceng Small Bell Pet Bell Wind Chime Accessories DIY Craft Loceng Kucing | Stock: 493
AryNo:  32 ID:  9505907685 Product: Le Mood Loop Turner 26.5cm Penarik Getah Pengubah Gelung Kain Alat Pemusing Jahitan Bias Hook | Stock: 102
AryNo:  33 ID:  3326028746 Product: LMF Unpicker Thread Cutter Seam Ripper Cutter Penetas Jahitan Pemotong Benang Penetas Benang | Stock: 35
AryNo:  34 ID:  6626673517 Product: Le Mood Fashion Design Ruler Pembaris Jahitan Soft Metric Graph Ruler Transparent Sewing Ruler Quilting Ruler | Stock: 19
AryNo:  35 ID:  4893303123 Product: Le Mood Draping Tape Mannequin Masking Tape Self Adhesive 2 rolls per pack Marking Pattern Dress Form | Stock: 27
AryNo:  36 ID:  12267776557 Product: Le Mood Button Hole Elastic Band Tali Getah Berlubang Butang Adjustable Elastic Band Pregnancy Elastic Band | Stock: 524
AryNo:  37 ID:  6642240360 Product: Le Mood (1 Piece) 1.15cm Gold Colour Fashion Shank Button Butang Fesyen Emas | Stock: 640
AryNo:  38 ID:  6665739748 Product: Le Mood Scuba Fabric Neoprene Fabric 63" for Fashion Kain Scuba Fashion Designer Fabric | Stock: 19
AryNo:  39 ID:  8536558038 Product: Le Mood 5mm Cotton Rope (25 Colours) 8 Strands Cotton Rope Braided Cotton Rope Macrame String Cord | Stock: 2092
AryNo:  40 ID:  7870284061 Product: Le Mood (1 Piece) Rhinestone Shank Button Golden Metal Butang Emas Permata | Stock: 100
AryNo:  41 ID:  6945265254 Product: Le Mood Multifunctional Tweezer Penyepit Benang Sepit Benang Anti Static Stainless Steel | Stock: 44
AryNo:  42 ID:  7729057864 Product: Le Mood Hoechstmass Original Germany Measuring Tape Pita Ukur Badan Tali Ukur Badan Measurement Tape | Stock: 73
AryNo:  43 ID:  5242609373 Product: Le Mood (1 Piece) Tailor's Chalk Kapur Jahit | Stock: 141
AryNo:  44 ID:  7525842199 Product: Le Mood Tracing Wheel Roller Wooden Tracer Penggelek Roda Surih | Stock: 22
AryNo:  45 ID:  9605834021 Product: Le Mood 5mm Solid Cotton Rope Twine Cord Cotton String Tali Sukan Cotton Tali Cotton Tali Bag Drawstring | Stock: 103
AryNo:  46 ID:  5842218546 Product: Le Mood Hoechstmass Original Germany Measuring Tape Pita Ukur Badan Tali Ukur Badan Measurement Tape | Stock: 255
AryNo:  47 ID:  7125685720 Product: Le Mood PIN Professional Tailor Scissors Tailoring Scissors Fabric Scissors Gunting Kain Gunting Jahit | Stock: 111
AryNo:  48 ID:  9901251000 Product: Le Mood Kain Gam Japan Quality 44" Medium Weight Woven Fusible Interfacing | Stock: 105
AryNo:  49 ID:  5543169434 Product: Le Mood ORGAN Japan DBx1 Industrial Sewing Machine Needle Jarum Mesin Jahit Lurus Industri | Stock: 53
AryNo:  50 ID:  10598376579 Product: LMF Unpicker Thread Cutter Seam Ripper Cutter Penetas Jahitan Pemotong Benang Penetas Benang | Stock: 71
AryNo:  51 ID:  6671737163 Product: Le Mood (1 Piece) Plastic Coating Shank Button Butang Fesyen Butang Comel Butang Cantik | Stock: 644
AryNo:  52 ID:  3329357124 Product: Le Mood High Speed Industrial Sewing Machine Zipper Footer Piping Foot Tapak Zip Mesin Jahit Industri | Stock: 42
AryNo:  53 ID:  6382678326 Product: Le Mood Fashion Design Ruler Tailor Ruler French Curve Ruler Pembaris Tailor Pembaris Jahit | Stock: 41
AryNo:  54 ID:  6426555980 Product: Le Mood (1 Piece) Flat Button Shirt Button Butang Brown Colour Plastic | Stock: 59
AryNo:  55 ID:  4629058369 Product: Le Mood Plastic Container Plastic Box Kotak Plastic Transparent | Stock: 39
AryNo:  56 ID:  7326188514 Product: Le Mood Vintage Embroidery Scissors Stainless Steel Gunting Sulaman Gunting Kain Gunting Jahit Gunting Benang | Stock: 13
AryNo:  57 ID:  4925924250 Product: Le Mood Chaco Paper Japan Carbon Paper Tracing Paper Kertas Karbon Kertas Carbon | Stock: 19
AryNo:  58 ID:  4625932009 Product: Le Mood Adger Japan Chako Ace Disappearing Fabric Pen Vanishing Pen Removable Erasable Marking | Stock: 30
AryNo:  59 ID:  7071737717 Product: Le Mood (1 Piece) 2cm Metal Shank Button Badge Button Butang Fesyen Butang Jacket Butang Emas | Stock: 368
AryNo:  60 ID:  5429260697 Product: Le Mood High Speed Industrial Sewing Machine Footer Straight Stitch Foot Tapak Mesin Jahit Industri Presser Feet | Stock: 26
AryNo:  61 ID:  5729252320 Product: Le Mood (1 Piece) Golden Button Shank Button Studded Butang Emas Studs Gold Colour Fashion | Stock: 2
AryNo:  62 ID:  7325768293 Product: Le Mood Pinking Shears Zig Zag Fabric Scissors Gunting Kain Gunting Bergerigi Cloth Scissors | Stock: 4
AryNo:  63 ID:  12603423230 Product: Le Mood (1 Piece) 1cm Elegant Golden Seashell Metal Shank Button Butang Emas Butang Besi Butang Baju | Stock: 794
AryNo:  64 ID:  9811477330 Product: Le Mood Tulle Fabric Lace Fabric Soft Net Netting Lace Jersey Veil Fabric Kain Net Mesh Fabric Sheer Fabric | Stock: 184
AryNo:  65 ID:  16152207079 Product: Le Mood Magnet Button Hand Tool Set 14mm 18mm Clasp Snaps Hand Tools Set | Stock: 12
AryNo:  66 ID:  5129056078 Product: Le Mood (1 Piece) Shank Button Butang Black Colour Fashion | Stock: 341
AryNo:  67 ID:  5629261283 Product: Le Mood High Speed Industrial Sewing Machine Footer Invisible Zipper Foot Tapak Zip Sorok Mesin Jahit Industri | Stock: 65
AryNo:  68 ID:  3626069819 Product: Le Mood (1 Piece) Wooden Button Butang | Stock: 329
AryNo:  69 ID:  6145509574 Product: Le Mood PONY Double Long Sewing Needle Jarum Jahit Jarum Tangan (25 Pieces) | Stock: 77
AryNo:  70 ID:  3738467581 Product: Le Mood 50 Meter Drafting Paper (1 Roll) Tracing Paper Pattern Paper Pattern Making Paper Kertas | Stock: 30
AryNo:  71 ID:  8307378460 Product: Le Mood ORGAN Japan HAx1 Home Use Sewing Machine Needle Jarum Mesin Jahit Rumah Portable Sewing Machine | Stock: 85
AryNo:  72 ID:  6048313923 Product: Le Mood PIN Thread Clipper Thread Cutter Snipper Gunting Benang Pemotong Benang Kacip Benang Stainless Steel | Stock: 53
AryNo:  73 ID:  6767722381 Product: Le Mood Smudge-Free Acrylic French Curve Fashion Design Ruler Technical Drawing Ruler 3pcs Set | Stock: 10
AryNo:  74 ID:  5567721260 Product: Le Mood Needle Threader (1 Piece) Pemasang Jarum Alat Masuk Benang Needle Device Pembantu Jarum | Stock: 91
AryNo:  75 ID:  7826672268 Product: Le Mood French Curve Ruler Pembaris Lengkung Fashion Design Ruler Pembaris Siam | Stock: 4
AryNo:  76 ID:  18420374705 Product: Le Mood (1 Piece) Elegant Asymmetrical Metal Button for Jacket Coat Blazer Metal Shank Button Butang Emas Butang Besi | Stock: 139
AryNo:  77 ID:  4726538004 Product: Le Mood (1 Piece) Metal Button Copper Colour Butang Fashion | Stock: 101
AryNo:  78 ID:  10245141980 Product: Le Mood (1 Piece) 1.15cm Metallic Flat Button/ Shirt Button Butang Emas Butang Kemeja Butang Baju | Stock: 114
AryNo:  79 ID:  9205388994 Product: Le Mood (1 Piece) 1.25cm Elegant Transparent Shirt Button Butang Plastic Butang Kemeja | Stock: 129
AryNo:  80 ID:  7448423058 Product: Le Mood Sewing Thimble Finger Protector Pelindung Jari Sarung Jari Jarum | Stock: 14
AryNo:  81 ID:  3139635132 Product: Le Mood (1 Piece) Metal Button Butang Vintage Metal Bronze Colour Fashion | Stock: 155
AryNo:  82 ID:  7026547713 Product: Le Mood (1 Piece) Metal Button Butang Metal Colour Fashion | Stock: 166
AryNo:  83 ID:  4771582448 Product: Le Mood (1 Piece) 1.15cm Metal Floral Shank Button Butang Fesyen Butang Comel Butang Cantik | Stock: 636
AryNo:  84 ID:  7726571672 Product: Le Mood (1 Piece) 1.1cm Shirt Button Butang Kemeja | Stock: 69
AryNo:  85 ID:  6769947755 Product: Le Mood Golden Pearl Soft Tulle Fabric 59" Tulle Fabric Mesh Fabric Soft Net Kain Net Kain Tulle | Stock: 25
AryNo:  86 ID:  4929445320 Product: Le Mood Sewing Thimble Finger Protector Adjustable Pelindung Jari Sarung Jari Jarum | Stock: 63
AryNo:  87 ID:  9125016265 Product: Le Mood Houndstooth Jacquard Lining Fabric 59" Kain Lining | Stock: 6
AryNo:  88 ID:  3271885957 Product: Le Mood (5m Per Roll) Hemp Rope Natural Jute Tali Guni Tali Jut Tali Jute Hem Cordage | Stock: 77
AryNo:  89 ID:  7426217447 Product: Le Mood (1 Piece) Metal Drawstring Stopper Cord Lock Rope End Cord End barrel Stopper Cord Stopper Rope End | Stock: 53
AryNo:  90 ID:  6926561616 Product: Le Mood (1 Piece) Shirt Button Butang Seashell Butang Kemeja | Stock: 1
AryNo:  91 ID:  4026795138 Product: Le Mood Stainless Steel Ruler 15cm Multifunctional Pembaris | Stock: 3
AryNo:  92 ID:  6226610235 Product: Le Mood (1 Piece) Metal Button Butang Fashion | Stock: 13
AryNo:  93 ID:  4229067630 Product: Le Mood Clover Japan Dressmaking Silk Pin Jarum Peniti Sewing Pin Tailoring Pattern Making Tool Fix Position Pin | Stock: 1
